{
  "apiVersion" : "0.20.0-SNAPSHOT",
  "swaggerVersion" : "1.2",
  "basePath" : null,
  "resourcePath" : "/api/slaves",
  "produces" : [ "application/json" ],
  "apis" : [ {
    "path" : "/api/slaves/",
    "operations" : [ {
      "method" : "GET",
      "summary" : "Retrieve the list of all known slaves, optionally filtering by a particular state",
      "notes" : "",
      "type" : "array",
      "items" : {
        "$ref" : "SingularitySlave"
      },
      "nickname" : "getSlaves",
      "parameters" : [ {
        "name" : "body",
        "required" : false,
        "type" : "SingularityUser",
        "paramType" : "body",
        "allowMultiple" : false
      }, {
        "name" : "state",
        "description" : "Optionally specify a particular state to filter slaves by",
        "required" : false,
        "type" : "string",
        "paramType" : "query",
        "allowMultiple" : false
      } ]
    } ]
  }, {
    "path" : "/api/slaves/slave/{slaveId}",
    "operations" : [ {
      "method" : "GET",
      "summary" : "Retrieve the history of a given slave",
      "notes" : "",
      "type" : "array",
      "items" : {
        "$ref" : "SingularityMachineStateHistoryUpdate"
      },
      "nickname" : "getSlaveHistory",
      "parameters" : [ {
        "name" : "body",
        "required" : false,
        "type" : "SingularityUser",
        "paramType" : "body",
        "allowMultiple" : false
      }, {
        "name" : "slaveId",
        "description" : "Slave ID",
        "required" : true,
        "type" : "string",
        "paramType" : "path",
        "allowMultiple" : false
      } ]
    }, {
      "method" : "DELETE",
      "summary" : "Remove a known slave, erasing history. This operation will cancel decomissioning of the slave",
      "notes" : "",
      "type" : "void",
      "nickname" : "removeSlave",
      "parameters" : [ {
        "name" : "body",
        "required" : false,
        "type" : "SingularityUser",
        "paramType" : "body",
        "allowMultiple" : false
      }, {
        "name" : "slaveId",
        "description" : "Active SlaveId",
        "required" : true,
        "type" : "string",
        "paramType" : "path",
        "allowMultiple" : false
      } ]
    } ]
  }, {
    "path" : "/api/slaves/slave/{slaveId}/details",
    "operations" : [ {
      "method" : "GET",
      "summary" : "Get information about a particular slave",
      "notes" : "",
      "type" : "SingularitySlave",
      "nickname" : "getSlave",
      "parameters" : [ {
        "name" : "body",
        "required" : false,
        "type" : "SingularityUser",
        "paramType" : "body",
        "allowMultiple" : false
      }, {
        "name" : "slaveId",
        "description" : "Slave ID",
        "required" : true,
        "type" : "string",
        "paramType" : "path",
        "allowMultiple" : false
      } ]
    } ]
  }, {
    "path" : "/api/slaves/slave/{slaveId}/decommission",
    "operations" : [ {
      "method" : "POST",
      "summary" : "Begin decommissioning a specific active slave",
      "notes" : "",
      "type" : "void",
      "nickname" : "decommissionSlave",
      "parameters" : [ {
        "name" : "slaveId",
        "description" : "Active slaveId",
        "required" : true,
        "type" : "string",
        "paramType" : "path",
        "allowMultiple" : false
      }, {
        "name" : "body",
        "required" : false,
        "type" : "SingularityMachineChangeRequest",
        "paramType" : "body",
        "allowMultiple" : false
      } ]
    } ]
  }, {
    "path" : "/api/slaves/slave/{slaveId}/freeze",
    "operations" : [ {
      "method" : "POST",
      "summary" : "Freeze tasks on a specific slave",
      "notes" : "",
      "type" : "void",
      "nickname" : "freezeSlave",
      "parameters" : [ {
        "name" : "slaveId",
        "description" : "Slave ID",
        "required" : true,
        "type" : "string",
        "paramType" : "path",
        "allowMultiple" : false
      }, {
        "name" : "body",
        "required" : false,
        "type" : "SingularityMachineChangeRequest",
        "paramType" : "body",
        "allowMultiple" : false
      } ]
    } ]
  }, {
    "path" : "/api/slaves/slave/{slaveId}/expiring",
    "operations" : [ {
      "method" : "DELETE",
      "summary" : "Delete any expiring machine state changes for this slave",
      "notes" : "",
      "type" : "void",
      "nickname" : "deleteExpiringStateChange",
      "parameters" : [ {
        "name" : "body",
        "required" : false,
        "type" : "SingularityUser",
        "paramType" : "body",
        "allowMultiple" : false
      }, {
        "name" : "slaveId",
        "description" : "Active slaveId",
        "required" : true,
        "type" : "string",
        "paramType" : "path",
        "allowMultiple" : false
      } ]
    } ]
  }, {
    "path" : "/api/slaves/expiring",
    "operations" : [ {
      "method" : "GET",
      "summary" : "Get all expiring state changes for all slaves",
      "notes" : "",
      "type" : "array",
      "items" : {
        "$ref" : "SingularityExpiringMachineState"
      },
      "nickname" : "getExpiringStateChanges",
      "parameters" : [ {
        "name" : "body",
        "required" : false,
        "type" : "SingularityUser",
        "paramType" : "body",
        "allowMultiple" : false
      } ]
    } ]
  }, {
    "path" : "/api/slaves/slave/{slaveId}/activate",
    "operations" : [ {
      "method" : "POST",
      "summary" : "Activate a decomissioning slave, canceling decomission without erasing history",
      "notes" : "",
      "type" : "void",
      "nickname" : "activateSlave",
      "parameters" : [ {
        "name" : "slaveId",
        "description" : "Active slaveId",
        "required" : true,
        "type" : "string",
        "paramType" : "path",
        "allowMultiple" : false
      }, {
        "name" : "body",
        "required" : false,
        "type" : "SingularityMachineChangeRequest",
        "paramType" : "body",
        "allowMultiple" : false
      } ]
    } ]
  } ],
  "models" : {
    "MesosResourcesObject" : {
      "id" : "MesosResourcesObject",
      "properties" : {
        "properties" : {
          "$ref" : "Map[string,Object]"
        }
      }
    },
    "SingularityUser" : {
      "id" : "SingularityUser",
      "properties" : {
        "id" : {
          "type" : "string"
        },
        "name" : {
          "type" : "string"
        },
        "email" : {
          "type" : "string"
        },
        "groups" : {
          "type" : "array",
          "uniqueItems" : true,
          "items" : {
            "type" : "string"
          }
        },
        "authenticated" : {
          "type" : "boolean"
        }
      }
    },
    "SingularityMachineChangeRequest" : {
      "id" : "SingularityMachineChangeRequest",
      "properties" : {
        "revertToState" : {
          "$ref" : "MachineState",
          "description" : "If a durationMillis is specified, return to this state when time has elapsed"
        },
        "killTasksOnDecommissionTimeout" : {
          "type" : "boolean",
          "description" : "If a machine has not successfully decommissioned in durationMillis, kill the remaining tasks on the machine"
        },
        "message" : {
          "type" : "string",
          "description" : "A message to show to users about why this action was taken"
        },
        "durationMillis" : {
          "type" : "integer",
          "format" : "int64",
          "description" : "The number of milliseconds to wait before reversing the effects of this action (letting it expire)"
        },
        "actionId" : {
          "type" : "string",
          "description" : "An id to associate with this action for metadata purposes"
        }
      }
    },
    "SingularityExpiringMachineState" : {
      "id" : "SingularityExpiringMachineState",
      "properties" : {
        "machineId" : {
          "type" : "string"
        },
        "revertToState" : {
          "$ref" : "MachineState",
          "enum" : [ "MISSING_ON_STARTUP", "ACTIVE", "STARTING_DECOMMISSION", "DECOMMISSIONING", "DECOMMISSIONED", "DEAD", "FROZEN" ]
        },
        "killTasksOnDecommissionTimeout" : {
          "type" : "boolean"
        },
        "startMillis" : {
          "type" : "integer",
          "format" : "int64"
        },
        "expiringAPIRequestObject" : {
          "$ref" : "T"
        },
        "actionId" : {
          "type" : "string"
        },
        "user" : {
          "type" : "string"
        }
      }
    },
    "SingularitySlave" : {
      "id" : "SingularitySlave",
      "description" : "Singularity's view of a Mesos slave",
      "properties" : {
        "host" : {
          "type" : "string",
          "description" : "Slave hostname"
        },
        "rackId" : {
          "type" : "string",
          "description" : "Slave rack ID"
        },
        "attributes" : {
          "$ref" : "Map[string,string]"
        },
        "resources" : {
          "$ref" : "MesosResourcesObject"
        },
        "id" : {
          "type" : "string"
        },
        "firstSeenAt" : {
          "type" : "integer",
          "format" : "int64"
        },
        "currentState" : {
          "$ref" : "SingularityMachineStateHistoryUpdate"
        }
      }
    },
    "SingularityMachineStateHistoryUpdate" : {
      "id" : "SingularityMachineStateHistoryUpdate",
      "properties" : {
        "objectId" : {
          "type" : "string"
        },
        "state" : {
          "$ref" : "MachineState",
          "enum" : [ "MISSING_ON_STARTUP", "ACTIVE", "STARTING_DECOMMISSION", "DECOMMISSIONING", "DECOMMISSIONED", "DEAD", "FROZEN" ]
        },
        "user" : {
          "type" : "string"
        },
        "message" : {
          "type" : "string"
        },
        "timestamp" : {
          "type" : "integer",
          "format" : "int64"
        }
      }
    }
  }
}