{
  "apiVersion" : "0.20.0-SNAPSHOT",
  "swaggerVersion" : "1.2",
  "basePath" : null,
  "resourcePath" : "/api/history",
  "produces" : [ "application/json" ],
  "apis" : [ {
    "path" : "/api/history/task/{taskId}",
    "operations" : [ {
      "method" : "GET",
      "summary" : "Retrieve the history for a specific task.",
      "notes" : "",
      "type" : "SingularityTaskHistory",
      "nickname" : "getHistoryForTask",
      "parameters" : [ {
        "name" : "body",
        "required" : false,
        "type" : "SingularityUser",
        "paramType" : "body",
        "allowMultiple" : false
      }, {
        "name" : "taskId",
        "description" : "Task ID to look up",
        "required" : true,
        "type" : "string",
        "paramType" : "path",
        "allowMultiple" : false
      } ]
    } ]
  }, {
    "path" : "/api/history/request/{requestId}/tasks",
    "operations" : [ {
      "method" : "GET",
      "summary" : "Retrieve the history sorted by startedAt for all inactive tasks of a specific request.",
      "notes" : "",
      "type" : "array",
      "items" : {
        "$ref" : "SingularityTaskIdHistory"
      },
      "nickname" : "getTaskHistoryForRequest",
      "parameters" : [ {
        "name" : "body",
        "required" : false,
        "type" : "SingularityUser",
        "paramType" : "body",
        "allowMultiple" : false
      }, {
        "name" : "requestId",
        "description" : "Request ID to match",
        "required" : true,
        "type" : "string",
        "paramType" : "path",
        "allowMultiple" : false
      }, {
        "name" : "deployId",
        "description" : "Optional deploy ID to match",
        "required" : false,
        "type" : "string",
        "paramType" : "query",
        "allowMultiple" : false
      }, {
        "name" : "runId",
        "description" : "Optional runId to match",
        "required" : false,
        "type" : "string",
        "paramType" : "query",
        "allowMultiple" : false
      }, {
        "name" : "host",
        "description" : "Optional host to match",
        "required" : false,
        "type" : "string",
        "paramType" : "query",
        "allowMultiple" : false
      }, {
        "name" : "lastTaskStatus",
        "description" : "Optional last task status to match",
        "required" : false,
        "type" : "string",
        "paramType" : "query",
        "allowMultiple" : false
      }, {
        "name" : "startedBefore",
        "description" : "Optionally match only tasks started before",
        "required" : false,
        "type" : "integer",
        "format" : "int64",
        "paramType" : "query",
        "allowMultiple" : false
      }, {
        "name" : "startedAfter",
        "description" : "Optionally match only tasks started after",
        "required" : false,
        "type" : "integer",
        "format" : "int64",
        "paramType" : "query",
        "allowMultiple" : false
      }, {
        "name" : "updatedBefore",
        "description" : "Optionally match tasks last updated before",
        "required" : false,
        "type" : "integer",
        "format" : "int64",
        "paramType" : "query",
        "allowMultiple" : false
      }, {
        "name" : "updatedAfter",
        "description" : "Optionally match tasks last updated after",
        "required" : false,
        "type" : "integer",
        "format" : "int64",
        "paramType" : "query",
        "allowMultiple" : false
      }, {
        "name" : "orderDirection",
        "description" : "Sort direction",
        "required" : false,
        "type" : "string",
        "paramType" : "query",
        "allowMultiple" : false
      }, {
        "name" : "count",
        "description" : "Maximum number of items to return",
        "required" : false,
        "type" : "integer",
        "format" : "int32",
        "paramType" : "query",
        "allowMultiple" : false
      }, {
        "name" : "page",
        "description" : "Which page of items to view",
        "required" : false,
        "type" : "integer",
        "format" : "int32",
        "paramType" : "query",
        "allowMultiple" : false
      } ]
    } ]
  }, {
    "path" : "/api/history/request/{requestId}/tasks/active",
    "operations" : [ {
      "method" : "GET",
      "summary" : "Retrieve the history for all active tasks of a specific request.",
      "notes" : "",
      "type" : "array",
      "items" : {
        "$ref" : "SingularityTaskIdHistory"
      },
      "nickname" : "getTaskHistoryForRequest",
      "parameters" : [ {
        "name" : "body",
        "required" : false,
        "type" : "SingularityUser",
        "paramType" : "body",
        "allowMultiple" : false
      }, {
        "name" : "requestId",
        "description" : "Request ID to look up",
        "required" : true,
        "type" : "string",
        "paramType" : "path",
        "allowMultiple" : false
      } ]
    } ]
  }, {
    "path" : "/api/history/request/{requestId}/deploy/{deployId}/tasks/active",
    "operations" : [ {
      "method" : "GET",
      "summary" : "Retrieve the task history for a specific deploy.",
      "notes" : "",
      "type" : "array",
      "items" : {
        "$ref" : "SingularityTaskIdHistory"
      },
      "nickname" : "getActiveDeployTasks",
      "parameters" : [ {
        "name" : "body",
        "required" : false,
        "type" : "SingularityUser",
        "paramType" : "body",
        "allowMultiple" : false
      }, {
        "name" : "requestId",
        "description" : "Request ID for deploy",
        "required" : true,
        "type" : "string",
        "paramType" : "path",
        "allowMultiple" : false
      }, {
        "name" : "deployId",
        "description" : "Deploy ID",
        "required" : true,
        "type" : "string",
        "paramType" : "path",
        "allowMultiple" : false
      } ]
    } ]
  }, {
    "path" : "/api/history/request/{requestId}/deploy/{deployId}/tasks/inactive",
    "operations" : [ {
      "method" : "GET",
      "summary" : "Retrieve the task history for a specific deploy.",
      "notes" : "",
      "type" : "array",
      "items" : {
        "$ref" : "SingularityTaskIdHistory"
      },
      "nickname" : "getInactiveDeployTasks",
      "parameters" : [ {
        "name" : "body",
        "required" : false,
        "type" : "SingularityUser",
        "paramType" : "body",
        "allowMultiple" : false
      }, {
        "name" : "requestId",
        "description" : "Request ID for deploy",
        "required" : true,
        "type" : "string",
        "paramType" : "path",
        "allowMultiple" : false
      }, {
        "name" : "deployId",
        "description" : "Deploy ID",
        "required" : true,
        "type" : "string",
        "paramType" : "path",
        "allowMultiple" : false
      }, {
        "name" : "count",
        "description" : "Maximum number of items to return",
        "required" : false,
        "type" : "integer",
        "format" : "int32",
        "paramType" : "query",
        "allowMultiple" : false
      }, {
        "name" : "page",
        "description" : "Which page of items to view",
        "required" : false,
        "type" : "integer",
        "format" : "int32",
        "paramType" : "query",
        "allowMultiple" : false
      } ]
    } ]
  }, {
    "path" : "/api/history/request/{requestId}/deploy/{deployId}/tasks/inactive/withmetadata",
    "operations" : [ {
      "method" : "GET",
      "summary" : "Retrieve the task history for a specific deploy.",
      "notes" : "",
      "items" : {
        "$ref" : "SingularityTaskIdHistory"
      },
      "nickname" : "getInactiveDeployTasksWithMetadata",
      "parameters" : [ {
        "name" : "body",
        "required" : false,
        "type" : "SingularityUser",
        "paramType" : "body",
        "allowMultiple" : false
      }, {
        "name" : "requestId",
        "description" : "Request ID for deploy",
        "required" : true,
        "type" : "string",
        "paramType" : "path",
        "allowMultiple" : false
      }, {
        "name" : "deployId",
        "description" : "Deploy ID",
        "required" : true,
        "type" : "string",
        "paramType" : "path",
        "allowMultiple" : false
      }, {
        "name" : "count",
        "description" : "Maximum number of items to return",
        "required" : false,
        "type" : "integer",
        "format" : "int32",
        "paramType" : "query",
        "allowMultiple" : false
      }, {
        "name" : "page",
        "description" : "Which page of items to view",
        "required" : false,
        "type" : "integer",
        "format" : "int32",
        "paramType" : "query",
        "allowMultiple" : false
      } ]
    } ]
  }, {
    "path" : "/api/history/tasks/withmetadata",
    "operations" : [ {
      "method" : "GET",
      "summary" : "Retrieve the history sorted by startedAt for all inactive tasks.",
      "notes" : "",
      "items" : {
        "$ref" : "SingularityTaskIdHistory"
      },
      "nickname" : "getTaskHistoryWithMetadata",
      "parameters" : [ {
        "name" : "body",
        "required" : false,
        "type" : "SingularityUser",
        "paramType" : "body",
        "allowMultiple" : false
      }, {
        "name" : "requestId",
        "description" : "Optional Request ID to match",
        "required" : false,
        "type" : "string",
        "paramType" : "query",
        "allowMultiple" : false
      }, {
        "name" : "deployId",
        "description" : "Optional deploy ID to match",
        "required" : false,
        "type" : "string",
        "paramType" : "query",
        "allowMultiple" : false
      }, {
        "name" : "runId",
        "description" : "Optional runId to match",
        "required" : false,
        "type" : "string",
        "paramType" : "query",
        "allowMultiple" : false
      }, {
        "name" : "host",
        "description" : "Optional host to match",
        "required" : false,
        "type" : "string",
        "paramType" : "query",
        "allowMultiple" : false
      }, {
        "name" : "lastTaskStatus",
        "description" : "Optional last task status to match",
        "required" : false,
        "type" : "string",
        "paramType" : "query",
        "allowMultiple" : false
      }, {
        "name" : "startedBefore",
        "description" : "Optionally match only tasks started before",
        "required" : false,
        "type" : "integer",
        "format" : "int64",
        "paramType" : "query",
        "allowMultiple" : false
      }, {
        "name" : "startedAfter",
        "description" : "Optionally match only tasks started after",
        "required" : false,
        "type" : "integer",
        "format" : "int64",
        "paramType" : "query",
        "allowMultiple" : false
      }, {
        "name" : "updatedBefore",
        "description" : "Optionally match tasks last updated before",
        "required" : false,
        "type" : "integer",
        "format" : "int64",
        "paramType" : "query",
        "allowMultiple" : false
      }, {
        "name" : "updatedAfter",
        "description" : "Optionally match tasks last updated after",
        "required" : false,
        "type" : "integer",
        "format" : "int64",
        "paramType" : "query",
        "allowMultiple" : false
      }, {
        "name" : "orderDirection",
        "description" : "Sort direction",
        "required" : false,
        "type" : "string",
        "paramType" : "query",
        "allowMultiple" : false
      }, {
        "name" : "count",
        "description" : "Maximum number of items to return",
        "required" : false,
        "type" : "integer",
        "format" : "int32",
        "paramType" : "query",
        "allowMultiple" : false
      }, {
        "name" : "page",
        "description" : "Which page of items to view",
        "required" : false,
        "type" : "integer",
        "format" : "int32",
        "paramType" : "query",
        "allowMultiple" : false
      } ]
    } ]
  }, {
    "path" : "/api/history/request/{requestId}/tasks/withmetadata",
    "operations" : [ {
      "method" : "GET",
      "summary" : "Retrieve the history count for all inactive tasks of a specific request.",
      "notes" : "",
      "items" : {
        "$ref" : "SingularityTaskIdHistory"
      },
      "nickname" : "getTaskHistoryForRequestWithMetadata",
      "parameters" : [ {
        "name" : "body",
        "required" : false,
        "type" : "SingularityUser",
        "paramType" : "body",
        "allowMultiple" : false
      }, {
        "name" : "requestId",
        "description" : "Request ID to match",
        "required" : true,
        "type" : "string",
        "paramType" : "path",
        "allowMultiple" : false
      }, {
        "name" : "deployId",
        "description" : "Optional deploy ID to match",
        "required" : false,
        "type" : "string",
        "paramType" : "query",
        "allowMultiple" : false
      }, {
        "name" : "runId",
        "description" : "Optional runId to match",
        "required" : false,
        "type" : "string",
        "paramType" : "query",
        "allowMultiple" : false
      }, {
        "name" : "host",
        "description" : "Optional host to match",
        "required" : false,
        "type" : "string",
        "paramType" : "query",
        "allowMultiple" : false
      }, {
        "name" : "lastTaskStatus",
        "description" : "Optional last task status to match",
        "required" : false,
        "type" : "string",
        "paramType" : "query",
        "allowMultiple" : false
      }, {
        "name" : "startedBefore",
        "description" : "Optionally match only tasks started before",
        "required" : false,
        "type" : "integer",
        "format" : "int64",
        "paramType" : "query",
        "allowMultiple" : false
      }, {
        "name" : "startedAfter",
        "description" : "Optionally match only tasks started after",
        "required" : false,
        "type" : "integer",
        "format" : "int64",
        "paramType" : "query",
        "allowMultiple" : false
      }, {
        "name" : "updatedBefore",
        "description" : "Optionally match tasks last updated before",
        "required" : false,
        "type" : "integer",
        "format" : "int64",
        "paramType" : "query",
        "allowMultiple" : false
      }, {
        "name" : "updatedAfter",
        "description" : "Optionally match tasks last updated after",
        "required" : false,
        "type" : "integer",
        "format" : "int64",
        "paramType" : "query",
        "allowMultiple" : false
      }, {
        "name" : "orderDirection",
        "description" : "Sort direction",
        "required" : false,
        "type" : "string",
        "paramType" : "query",
        "allowMultiple" : false
      }, {
        "name" : "count",
        "description" : "Maximum number of items to return",
        "required" : false,
        "type" : "integer",
        "format" : "int32",
        "paramType" : "query",
        "allowMultiple" : false
      }, {
        "name" : "page",
        "description" : "Which page of items to view",
        "required" : false,
        "type" : "integer",
        "format" : "int32",
        "paramType" : "query",
        "allowMultiple" : false
      } ]
    } ]
  }, {
    "path" : "/api/history/request/{requestId}/run/{runId}",
    "operations" : [ {
      "method" : "GET",
      "summary" : "Retrieve the history for a task by runId",
      "notes" : "",
      "type" : "SingularityTaskIdHistory",
      "nickname" : "getTaskHistoryForRequestAndRunId",
      "parameters" : [ {
        "name" : "body",
        "required" : false,
        "type" : "SingularityUser",
        "paramType" : "body",
        "allowMultiple" : false
      }, {
        "name" : "requestId",
        "description" : "Request ID to look up",
        "required" : true,
        "type" : "string",
        "paramType" : "path",
        "allowMultiple" : false
      }, {
        "name" : "runId",
        "description" : "runId to look up",
        "required" : true,
        "type" : "string",
        "paramType" : "path",
        "allowMultiple" : false
      } ]
    } ]
  }, {
    "path" : "/api/history/request/{requestId}/deploys",
    "operations" : [ {
      "method" : "GET",
      "summary" : "Get deploy history for a single request",
      "notes" : "",
      "type" : "array",
      "items" : {
        "$ref" : "SingularityDeployHistory"
      },
      "nickname" : "getDeploys",
      "parameters" : [ {
        "name" : "body",
        "required" : false,
        "type" : "SingularityUser",
        "paramType" : "body",
        "allowMultiple" : false
      }, {
        "name" : "requestId",
        "description" : "Request ID to look up",
        "required" : true,
        "type" : "string",
        "paramType" : "path",
        "allowMultiple" : false
      }, {
        "name" : "count",
        "description" : "Maximum number of items to return",
        "required" : false,
        "type" : "integer",
        "format" : "int32",
        "paramType" : "query",
        "allowMultiple" : false
      }, {
        "name" : "page",
        "description" : "Which page of items to view",
        "required" : false,
        "type" : "integer",
        "format" : "int32",
        "paramType" : "query",
        "allowMultiple" : false
      } ]
    } ]
  }, {
    "path" : "/api/history/request/{requestId}/deploys/withmetadata",
    "operations" : [ {
      "method" : "GET",
      "summary" : "Get deploy history with metadata for a single request",
      "notes" : "",
      "items" : {
        "$ref" : "SingularityDeployHistory"
      },
      "nickname" : "getDeploysWithMetadata",
      "parameters" : [ {
        "name" : "body",
        "required" : false,
        "type" : "SingularityUser",
        "paramType" : "body",
        "allowMultiple" : false
      }, {
        "name" : "requestId",
        "description" : "Request ID to look up",
        "required" : true,
        "type" : "string",
        "paramType" : "path",
        "allowMultiple" : false
      }, {
        "name" : "count",
        "description" : "Maximum number of items to return",
        "required" : false,
        "type" : "integer",
        "format" : "int32",
        "paramType" : "query",
        "allowMultiple" : false
      }, {
        "name" : "page",
        "description" : "Which page of items to view",
        "required" : false,
        "type" : "integer",
        "format" : "int32",
        "paramType" : "query",
        "allowMultiple" : false
      } ]
    } ]
  }, {
    "path" : "/api/history/request/{requestId}/requests",
    "operations" : [ {
      "method" : "GET",
      "summary" : "Get request history for a single request",
      "notes" : "",
      "type" : "array",
      "items" : {
        "$ref" : "SingularityRequestHistory"
      },
      "nickname" : "getRequestHistoryForRequest",
      "parameters" : [ {
        "name" : "body",
        "required" : false,
        "type" : "SingularityUser",
        "paramType" : "body",
        "allowMultiple" : false
      }, {
        "name" : "requestId",
        "description" : "Request ID to look up",
        "required" : true,
        "type" : "string",
        "paramType" : "path",
        "allowMultiple" : false
      }, {
        "name" : "count",
        "description" : "Maximum number of items to return",
        "required" : false,
        "type" : "integer",
        "format" : "int32",
        "paramType" : "query",
        "allowMultiple" : false
      }, {
        "name" : "page",
        "description" : "Which page of items to view",
        "required" : false,
        "type" : "integer",
        "format" : "int32",
        "paramType" : "query",
        "allowMultiple" : false
      } ]
    } ]
  }, {
    "path" : "/api/history/request/{requestId}/requests/withmetadata",
    "operations" : [ {
      "method" : "GET",
      "summary" : "Get request history for a single request",
      "notes" : "",
      "items" : {
        "$ref" : "SingularityRequestHistory"
      },
      "nickname" : "getRequestHistoryForRequestWithMetadata",
      "parameters" : [ {
        "name" : "body",
        "required" : false,
        "type" : "SingularityUser",
        "paramType" : "body",
        "allowMultiple" : false
      }, {
        "name" : "requestId",
        "description" : "Request ID to look up",
        "required" : true,
        "type" : "string",
        "paramType" : "path",
        "allowMultiple" : false
      }, {
        "name" : "count",
        "description" : "Maximum number of items to return",
        "required" : false,
        "type" : "integer",
        "format" : "int32",
        "paramType" : "query",
        "allowMultiple" : false
      }, {
        "name" : "page",
        "description" : "Which page of items to view",
        "required" : false,
        "type" : "integer",
        "format" : "int32",
        "paramType" : "query",
        "allowMultiple" : false
      } ]
    } ]
  }, {
    "path" : "/api/history/requests/search",
    "operations" : [ {
      "method" : "GET",
      "summary" : "Search for requests.",
      "notes" : "",
      "items" : {
        "type" : "string"
      },
      "nickname" : "getRequestHistoryForRequestLike",
      "parameters" : [ {
        "name" : "body",
        "required" : false,
        "type" : "SingularityUser",
        "paramType" : "body",
        "allowMultiple" : false
      }, {
        "name" : "requestIdLike",
        "description" : "Request ID prefix to search for",
        "required" : false,
        "type" : "string",
        "paramType" : "query",
        "allowMultiple" : false
      }, {
        "name" : "count",
        "description" : "Maximum number of items to return",
        "required" : false,
        "type" : "integer",
        "format" : "int32",
        "paramType" : "query",
        "allowMultiple" : false
      }, {
        "name" : "page",
        "description" : "Which page of items to view",
        "required" : false,
        "type" : "integer",
        "format" : "int32",
        "paramType" : "query",
        "allowMultiple" : false
      }, {
        "name" : "useWebCache",
        "required" : false,
        "type" : "boolean",
        "paramType" : "query",
        "allowMultiple" : false
      } ]
    } ]
  }, {
    "path" : "/api/history/request/{requestId}/command-line-args",
    "operations" : [ {
      "method" : "GET",
      "summary" : "Get a list of recently used command line args for an on-demand or scheduled request",
      "notes" : "",
      "type" : "Set",
      "nickname" : "getRecentCommandLineArgs",
      "parameters" : [ {
        "name" : "body",
        "required" : false,
        "type" : "SingularityUser",
        "paramType" : "body",
        "allowMultiple" : false
      }, {
        "name" : "requestId",
        "description" : "Request ID to look up",
        "required" : true,
        "type" : "string",
        "paramType" : "path",
        "allowMultiple" : false
      }, {
        "name" : "count",
        "description" : "Max number of recent args to return",
        "required" : false,
        "type" : "integer",
        "format" : "int32",
        "paramType" : "query",
        "allowMultiple" : false
      } ]
    } ]
  }, {
    "path" : "/api/history/tasks",
    "operations" : [ {
      "method" : "GET",
      "summary" : "Retrieve the history sorted by startedAt for all inactive tasks.",
      "notes" : "",
      "type" : "array",
      "items" : {
        "$ref" : "SingularityTaskIdHistory"
      },
      "nickname" : "getTaskHistory",
      "parameters" : [ {
        "name" : "body",
        "required" : false,
        "type" : "SingularityUser",
        "paramType" : "body",
        "allowMultiple" : false
      }, {
        "name" : "requestId",
        "description" : "Optional Request ID to match",
        "required" : false,
        "type" : "string",
        "paramType" : "query",
        "allowMultiple" : false
      }, {
        "name" : "deployId",
        "description" : "Optional deploy ID to match",
        "required" : false,
        "type" : "string",
        "paramType" : "query",
        "allowMultiple" : false
      }, {
        "name" : "runId",
        "description" : "Optional runId to match",
        "required" : false,
        "type" : "string",
        "paramType" : "query",
        "allowMultiple" : false
      }, {
        "name" : "host",
        "description" : "Optional host to match",
        "required" : false,
        "type" : "string",
        "paramType" : "query",
        "allowMultiple" : false
      }, {
        "name" : "lastTaskStatus",
        "description" : "Optional last task status to match",
        "required" : false,
        "type" : "string",
        "paramType" : "query",
        "allowMultiple" : false
      }, {
        "name" : "startedBefore",
        "description" : "Optionally match only tasks started before",
        "required" : false,
        "type" : "integer",
        "format" : "int64",
        "paramType" : "query",
        "allowMultiple" : false
      }, {
        "name" : "startedAfter",
        "description" : "Optionally match only tasks started after",
        "required" : false,
        "type" : "integer",
        "format" : "int64",
        "paramType" : "query",
        "allowMultiple" : false
      }, {
        "name" : "updatedBefore",
        "description" : "Optionally match tasks last updated before",
        "required" : false,
        "type" : "integer",
        "format" : "int64",
        "paramType" : "query",
        "allowMultiple" : false
      }, {
        "name" : "updatedAfter",
        "description" : "Optionally match tasks last updated after",
        "required" : false,
        "type" : "integer",
        "format" : "int64",
        "paramType" : "query",
        "allowMultiple" : false
      }, {
        "name" : "orderDirection",
        "description" : "Sort direction",
        "required" : false,
        "type" : "string",
        "paramType" : "query",
        "allowMultiple" : false
      }, {
        "name" : "count",
        "description" : "Maximum number of items to return",
        "required" : false,
        "type" : "integer",
        "format" : "int32",
        "paramType" : "query",
        "allowMultiple" : false
      }, {
        "name" : "page",
        "description" : "Which page of items to view",
        "required" : false,
        "type" : "integer",
        "format" : "int32",
        "paramType" : "query",
        "allowMultiple" : false
      } ]
    } ]
  }, {
    "path" : "/api/history/request/{requestId}/deploy/{deployId}",
    "operations" : [ {
      "method" : "GET",
      "summary" : "Retrieve the history for a specific deploy.",
      "notes" : "",
      "type" : "SingularityDeployHistory",
      "nickname" : "getDeploy",
      "parameters" : [ {
        "name" : "body",
        "required" : false,
        "type" : "SingularityUser",
        "paramType" : "body",
        "allowMultiple" : false
      }, {
        "name" : "requestId",
        "description" : "Request ID for deploy",
        "required" : true,
        "type" : "string",
        "paramType" : "path",
        "allowMultiple" : false
      }, {
        "name" : "deployId",
        "description" : "Deploy ID",
        "required" : true,
        "type" : "string",
        "paramType" : "path",
        "allowMultiple" : false
      } ]
    } ]
  } ],
  "models" : {
    "SingularityTaskRequest" : {
      "id" : "SingularityTaskRequest",
      "properties" : {
        "request" : {
          "$ref" : "SingularityRequest"
        },
        "deploy" : {
          "$ref" : "SingularityDeploy"
        },
        "pendingTask" : {
          "$ref" : "SingularityPendingTask"
        }
      }
    },
    "Set" : {
      "id" : "Set",
      "properties" : {
        "empty" : {
          "type" : "boolean"
        }
      }
    },
    "Resources" : {
      "id" : "Resources",
      "properties" : {
        "cpus" : {
          "type" : "number",
          "format" : "double"
        },
        "memoryMb" : {
          "type" : "number",
          "format" : "double"
        },
        "numPorts" : {
          "type" : "integer",
          "format" : "int32"
        },
        "diskMb" : {
          "type" : "number",
          "format" : "double"
        }
      }
    },
    "LoadBalancerRequestId" : {
      "id" : "LoadBalancerRequestId",
      "properties" : {
        "id" : {
          "type" : "string"
        },
        "requestType" : {
          "$ref" : "LoadBalancerRequestType",
          "enum" : [ "ADD", "REMOVE", "DEPLOY", "DELETE" ]
        },
        "attemptNumber" : {
          "type" : "integer",
          "format" : "int32"
        }
      }
    },
    "SingularityDockerVolume" : {
      "id" : "SingularityDockerVolume",
      "properties" : {
        "driver" : {
          "type" : "string",
          "description" : "Docker volume driver name"
        },
        "name" : {
          "type" : "string",
          "description" : "Volume name '%i' will be replaced with the instance index"
        },
        "driverOptions" : {
          "$ref" : "Map[string,string]",
          "description" : "Volume driver options"
        }
      }
    },
    "SingularityNetworkInfo" : {
      "id" : "SingularityNetworkInfo",
      "properties" : {
        "name" : {
          "type" : "string",
          "description" : "Name of the network for the network driver to use"
        },
        "groups" : {
          "type" : "array",
          "description" : "List of network groups for the container",
          "items" : {
            "type" : "string"
          }
        },
        "portMappings" : {
          "type" : "array",
          "description" : "List of ip port mappings to expose",
          "items" : {
            "$ref" : "SingularityPortMapping"
          }
        }
      }
    },
    "SingularityTaskShellCommandRequestId" : {
      "id" : "SingularityTaskShellCommandRequestId",
      "properties" : {
        "taskId" : {
          "$ref" : "SingularityTaskId"
        },
        "name" : {
          "type" : "string"
        },
        "timestamp" : {
          "type" : "integer",
          "format" : "int64"
        }
      }
    },
    "SingularityPortMapping" : {
      "id" : "SingularityPortMapping",
      "required" : [ "hostPort", "containerPort" ],
      "properties" : {
        "hostPort" : {
          "type" : "integer",
          "format" : "int32",
          "description" : "the port to map from on the host network interface"
        },
        "containerPort" : {
          "type" : "integer",
          "format" : "int32",
          "description" : "the port to map to on the container network interface"
        },
        "protocol" : {
          "type" : "string",
          "description" : "the protocol e.g. 'tcp' or 'udp'"
        }
      }
    },
    "SingularityShellCommand" : {
      "id" : "SingularityShellCommand",
      "required" : [ "name" ],
      "properties" : {
        "name" : {
          "type" : "string",
          "description" : "Name of the shell command to run"
        },
        "options" : {
          "type" : "array",
          "description" : "Additional options related to the shell command",
          "items" : {
            "type" : "string"
          }
        },
        "user" : {
          "type" : "string",
          "description" : "User who requested the shell command"
        },
        "logfileName" : {
          "type" : "string",
          "description" : "File name for shell command output"
        }
      }
    },
    "SingularityLoadBalancerUpdate" : {
      "id" : "SingularityLoadBalancerUpdate",
      "properties" : {
        "loadBalancerState" : {
          "$ref" : "BaragonRequestState",
          "enum" : [ "UNKNOWN", "FAILED", "WAITING", "SUCCESS", "CANCELING", "CANCELED", "INVALID_REQUEST_NOOP" ]
        },
        "message" : {
          "type" : "string"
        },
        "timestamp" : {
          "type" : "integer",
          "format" : "int64"
        },
        "uri" : {
          "type" : "string"
        },
        "method" : {
          "$ref" : "LoadBalancerMethod",
          "enum" : [ "PRE_ENQUEUE", "ENQUEUE", "CHECK_STATE", "CANCEL", "DELETE" ]
        },
        "loadBalancerRequestId" : {
          "$ref" : "LoadBalancerRequestId"
        }
      }
    },
    "SingularityTaskShellCommandUpdate" : {
      "id" : "SingularityTaskShellCommandUpdate",
      "properties" : {
        "shellRequestId" : {
          "$ref" : "SingularityTaskShellCommandRequestId"
        },
        "timestamp" : {
          "type" : "integer",
          "format" : "int64"
        },
        "message" : {
          "type" : "string"
        },
        "outputFilename" : {
          "type" : "string"
        },
        "updateType" : {
          "$ref" : "UpdateType",
          "enum" : [ "INVALID", "ACKED", "STARTED", "FINISHED", "FAILED" ]
        }
      }
    },
    "SingularityDockerPortMapping" : {
      "id" : "SingularityDockerPortMapping",
      "required" : [ "containerPort", "hostPort" ],
      "properties" : {
        "containerPortType" : {
          "$ref" : "SingularityPortMappingType",
          "description" : "Container port. Use the port number provided (LITERAL) or the dynamically allocated port at this index (FROM_OFFER)",
          "enum" : [ "LITERAL", "FROM_OFFER" ]
        },
        "hostPortType" : {
          "$ref" : "SingularityPortMappingType",
          "description" : "Host port. Use the port number provided (LITERAL) or the dynamically allocated port at this index (FROM_OFFER)",
          "enum" : [ "LITERAL", "FROM_OFFER" ]
        },
        "containerPort" : {
          "type" : "integer",
          "format" : "int32",
          "description" : "Port number, or index of port from offer within the container"
        },
        "hostPort" : {
          "type" : "integer",
          "format" : "int32",
          "description" : "Port number, or index of port from offer on the host"
        },
        "protocol" : {
          "type" : "string",
          "description" : "Protocol for binding the port. Default is tcp"
        }
      }
    },
    "SingularityS3UploaderFile" : {
      "id" : "SingularityS3UploaderFile",
      "properties" : {
        "filename" : {
          "type" : "string"
        },
        "s3UploaderBucket" : {
          "type" : "string"
        },
        "s3UploaderKeyPattern" : {
          "type" : "string"
        },
        "s3UploaderFilenameHint" : {
          "type" : "string"
        },
        "directory" : {
          "type" : "string"
        },
        "s3StorageClass" : {
          "type" : "string"
        },
        "applyS3StorageClassAfterBytes" : {
          "type" : "integer",
          "format" : "int64"
        },
        "checkSubdirectories" : {
          "type" : "boolean"
        }
      }
    },
    "S3Artifact" : {
      "id" : "S3Artifact",
      "properties" : {
        "s3Bucket" : {
          "type" : "string"
        },
        "s3ObjectKey" : {
          "type" : "string"
        },
        "filesize" : {
          "type" : "integer",
          "format" : "int64"
        },
        "isArtifactList" : {
          "type" : "boolean"
        },
        "name" : {
          "type" : "string"
        },
        "filename" : {
          "type" : "string"
        },
        "md5sum" : {
          "type" : "string"
        },
        "targetFolderRelativeToTask" : {
          "type" : "string"
        }
      }
    },
    "SingularityPendingTaskId" : {
      "id" : "SingularityPendingTaskId",
      "properties" : {
        "requestId" : {
          "type" : "string"
        },
        "deployId" : {
          "type" : "string"
        },
        "nextRunAt" : {
          "type" : "integer",
          "format" : "int64"
        },
        "createdAt" : {
          "type" : "integer",
          "format" : "int64"
        },
        "instanceNo" : {
          "type" : "integer",
          "format" : "int32"
        },
        "pendingType" : {
          "$ref" : "PendingType",
          "enum" : [ "IMMEDIATE", "ONEOFF", "BOUNCE", "NEW_DEPLOY", "NEXT_DEPLOY_STEP", "UNPAUSED", "RETRY", "UPDATED_REQUEST", "DECOMISSIONED_SLAVE_OR_RACK", "TASK_DONE", "STARTUP", "CANCEL_BOUNCE", "TASK_BOUNCE", "DEPLOY_CANCELLED", "DEPLOY_FAILED" ]
        },
        "id" : {
          "type" : "string"
        }
      }
    },
    "SingularityDeployFailure" : {
      "id" : "SingularityDeployFailure",
      "properties" : {
        "reason" : {
          "$ref" : "SingularityDeployFailureReason",
          "enum" : [ "TASK_FAILED_ON_STARTUP", "TASK_FAILED_HEALTH_CHECKS", "TASK_COULD_NOT_BE_SCHEDULED", "TASK_NEVER_ENTERED_RUNNING", "TASK_EXPECTED_RUNNING_FINISHED", "DEPLOY_CANCELLED", "DEPLOY_OVERDUE", "FAILED_TO_SAVE_DEPLOY_STATE", "LOAD_BALANCER_UPDATE_FAILED", "PENDING_DEPLOY_REMOVED" ]
        },
        "taskId" : {
          "$ref" : "SingularityTaskId"
        },
        "message" : {
          "type" : "string"
        }
      }
    },
    "SingularityMesosArtifact" : {
      "id" : "SingularityMesosArtifact",
      "properties" : {
        "uri" : {
          "type" : "string"
        },
        "cache" : {
          "type" : "boolean"
        },
        "executable" : {
          "type" : "boolean"
        },
        "extract" : {
          "type" : "boolean"
        },
        "outputFile" : {
          "type" : "string"
        }
      }
    },
    "ExecutorData" : {
      "id" : "ExecutorData",
      "required" : [ "cmd" ],
      "properties" : {
        "cmd" : {
          "type" : "string",
          "description" : "Command for the custom executor to run"
        },
        "embeddedArtifacts" : {
          "type" : "array",
          "description" : "A list of the full content of any embedded artifacts",
          "items" : {
            "$ref" : "EmbeddedArtifact"
          }
        },
        "externalArtifacts" : {
          "type" : "array",
          "description" : "A list of external artifacts for the executor to download",
          "items" : {
            "$ref" : "ExternalArtifact"
          }
        },
        "s3Artifacts" : {
          "type" : "array",
          "description" : "List of s3 artifacts for the executor to download",
          "items" : {
            "$ref" : "S3Artifact"
          }
        },
        "successfulExitCodes" : {
          "type" : "array",
          "description" : "Allowable exit codes for the task to be considered FINISHED instead of FAILED",
          "items" : {
            "type" : "integer",
            "format" : "int32"
          }
        },
        "runningSentinel" : {
          "type" : "string"
        },
        "user" : {
          "type" : "string",
          "description" : "Run the task process as this user"
        },
        "extraCmdLineArgs" : {
          "type" : "array",
          "description" : "Extra arguments in addition to any provided in the cmd field",
          "items" : {
            "type" : "string"
          }
        },
        "loggingTag" : {
          "type" : "string"
        },
        "loggingExtraFields" : {
          "$ref" : "Map[string,string]"
        },
        "sigKillProcessesAfterMillis" : {
          "type" : "integer",
          "format" : "int64",
          "description" : "Send a sigkill to a process if it has not shut down this many millis after being sent a term signal"
        },
        "maxTaskThreads" : {
          "type" : "integer",
          "format" : "int32",
          "description" : "Maximum number of threads a task is allowed to use"
        },
        "preserveTaskSandboxAfterFinish" : {
          "type" : "boolean",
          "description" : "If true, do not delete files in the task sandbox after the task process has terminated"
        },
        "maxOpenFiles" : {
          "type" : "integer",
          "format" : "int32",
          "description" : "Maximum number of open files the task process is allowed"
        },
        "skipLogrotateAndCompress" : {
          "type" : "boolean",
          "description" : "If true, do not run logrotate or compress old log files"
        },
        "s3ArtifactSignatures" : {
          "type" : "array",
          "description" : "A list of signatures use to verify downloaded s3artifacts",
          "items" : {
            "$ref" : "S3ArtifactSignature"
          }
        },
        "logrotateFrequency" : {
          "$ref" : "SingularityExecutorLogrotateFrequency",
          "description" : "Run logrotate this often. Can be HOURLY, DAILY, WEEKLY, MONTHLY"
        }
      }
    },
    "SingularityUser" : {
      "id" : "SingularityUser",
      "properties" : {
        "id" : {
          "type" : "string"
        },
        "name" : {
          "type" : "string"
        },
        "email" : {
          "type" : "string"
        },
        "groups" : {
          "type" : "array",
          "uniqueItems" : true,
          "items" : {
            "type" : "string"
          }
        },
        "authenticated" : {
          "type" : "boolean"
        }
      }
    },
    "SingularityRunNowRequest" : {
      "id" : "SingularityRunNowRequest",
      "properties" : {
        "message" : {
          "type" : "string",
          "description" : "A message to show to users about why this action was taken"
        },
        "runId" : {
          "type" : "string",
          "description" : "An id to associate with this request which will be associated with the corresponding launched tasks"
        },
        "commandLineArgs" : {
          "type" : "array",
          "description" : "Command line arguments to be passed to the task",
          "items" : {
            "type" : "string"
          }
        },
        "skipHealthchecks" : {
          "type" : "boolean",
          "description" : "If set to true, healthchecks will be skipped for this task run"
        },
        "resources" : {
          "$ref" : "Resources",
          "description" : "Override the resources from the active deploy for this run"
        },
        "s3UploaderAdditionalFiles" : {
          "type" : "array",
          "description" : "Specify additional sandbox files to upload to S3 for this run",
          "items" : {
            "$ref" : "SingularityS3UploaderFile"
          }
        },
        "runAsUserOverride" : {
          "type" : "string",
          "description" : "Override the user under which this task's command will be launched."
        },
        "envOverrides" : {
          "$ref" : "Map[string,string]",
          "description" : "Override the environment variables for launched tasks"
        },
        "extraArtifacts" : {
          "type" : "array",
          "description" : "Additional artifacts to download for this run",
          "items" : {
            "$ref" : "SingularityMesosArtifact"
          }
        },
        "runAt" : {
          "type" : "integer",
          "format" : "int64",
          "description" : "Schedule this task to run at a specified time"
        }
      }
    },
    "SingularityDeployHistory" : {
      "id" : "SingularityDeployHistory",
      "properties" : {
        "deployResult" : {
          "$ref" : "SingularityDeployResult"
        },
        "deployMarker" : {
          "$ref" : "SingularityDeployMarker"
        },
        "deploy" : {
          "$ref" : "SingularityDeploy"
        },
        "deployStatistics" : {
          "$ref" : "SingularityDeployStatistics"
        }
      }
    },
    "SingularityTaskMetadata" : {
      "id" : "SingularityTaskMetadata",
      "properties" : {
        "timestamp" : {
          "type" : "integer",
          "format" : "int64"
        },
        "type" : {
          "type" : "string"
        },
        "title" : {
          "type" : "string"
        },
        "level" : {
          "$ref" : "MetadataLevel",
          "enum" : [ "INFO", "WARN", "ERROR" ]
        },
        "message" : {
          "type" : "string"
        },
        "user" : {
          "type" : "string"
        },
        "taskId" : {
          "$ref" : "SingularityTaskId"
        }
      }
    },
    "SingularityTaskShellCommandHistory" : {
      "id" : "SingularityTaskShellCommandHistory",
      "properties" : {
        "shellRequest" : {
          "$ref" : "SingularityTaskShellCommandRequest"
        },
        "shellUpdates" : {
          "type" : "array",
          "items" : {
            "$ref" : "SingularityTaskShellCommandUpdate"
          }
        }
      }
    },
    "SingularityRequestHistory" : {
      "id" : "SingularityRequestHistory",
      "properties" : {
        "createdAt" : {
          "type" : "integer",
          "format" : "int64"
        },
        "user" : {
          "type" : "string"
        },
        "eventType" : {
          "$ref" : "RequestHistoryType",
          "enum" : [ "CREATED", "UPDATED", "DELETING", "DELETED", "PAUSED", "UNPAUSED", "ENTERED_COOLDOWN", "EXITED_COOLDOWN", "FINISHED", "DEPLOYED_TO_UNPAUSE", "BOUNCED", "SCALED", "SCALE_REVERTED" ]
        },
        "request" : {
          "$ref" : "SingularityRequest"
        },
        "message" : {
          "type" : "string"
        }
      }
    },
    "SingularityDockerParameter" : {
      "id" : "SingularityDockerParameter",
      "properties" : {
        "key" : {
          "type" : "string"
        },
        "value" : {
          "type" : "string"
        }
      }
    },
    "SingularityTaskShellCommandRequest" : {
      "id" : "SingularityTaskShellCommandRequest",
      "properties" : {
        "taskId" : {
          "$ref" : "SingularityTaskId"
        },
        "user" : {
          "type" : "string"
        },
        "shellCommand" : {
          "$ref" : "SingularityShellCommand"
        },
        "timestamp" : {
          "type" : "integer",
          "format" : "int64"
        }
      }
    },
    "SingularityRequest" : {
      "id" : "SingularityRequest",
      "required" : [ "id", "requestType" ],
      "properties" : {
        "id" : {
          "type" : "string",
          "description" : "A unique id for the request"
        },
        "requestType" : {
          "$ref" : "RequestType",
          "description" : "The type of request, can be SERVICE, WORKER, SCHEDULED, ON_DEMAND, or RUN_ONCE",
          "enum" : [ "SERVICE", "WORKER", "SCHEDULED", "ON_DEMAND", "RUN_ONCE" ]
        },
        "owners" : {
          "type" : "array",
          "description" : "A list of emails for the owners of this request",
          "items" : {
            "type" : "string"
          }
        },
        "numRetriesOnFailure" : {
          "type" : "integer",
          "format" : "int32",
          "description" : "For scheduled jobs, retry up to this many times if the job fails"
        },
        "schedule" : {
          "type" : "string",
          "description" : "A schedule in cron, RFC5545, or quartz format"
        },
        "quartzSchedule" : {
          "type" : "string",
          "description" : "A schedule in quartz format"
        },
        "scheduleType" : {
          "$ref" : "ScheduleType",
          "description" : "The type of schedule associated with the scheduled field. Can be CRON, QUARTZ, or RFC5545"
        },
        "scheduleTimeZone" : {
          "type" : "string",
          "description" : "Time zone to use when running the"
        },
        "killOldNonLongRunningTasksAfterMillis" : {
          "type" : "integer",
          "format" : "int64",
          "description" : "For non-long-running request types, kill a task after this amount of time if it has been put into CLEANING and has not shut down"
        },
        "taskExecutionTimeLimitMillis" : {
          "type" : "integer",
          "format" : "int64",
          "description" : "If set, don't allow any taks for this request to run for longer than this amount of time"
        },
        "scheduledExpectedRuntimeMillis" : {
          "type" : "integer",
          "format" : "int64",
          "description" : "Expected time for a non-long-running task to run. Singularity will notify owners if a task exceeds this time"
        },
        "waitAtLeastMillisAfterTaskFinishesForReschedule" : {
          "type" : "integer",
          "format" : "int64",
          "description" : "When a scheduled job finishes, wait at least this long before rescheduling it"
        },
        "instances" : {
          "type" : "integer",
          "format" : "int32",
          "description" : "A count of tasks to run for long-running requests"
        },
        "skipHealthchecks" : {
          "type" : "boolean",
          "description" : "If true, do not run healthchecks"
        },
        "rackSensitive" : {
          "type" : "boolean",
          "description" : "Spread instances for this request evenly across separate racks"
        },
        "rackAffinity" : {
          "type" : "array",
          "description" : "If set, prefer this specific rack when launching tasks",
          "items" : {
            "type" : "string"
          }
        },
        "slavePlacement" : {
          "$ref" : "SlavePlacement",
          "description" : "Strategy for determining where to place new tasks. Can be SEPARATE, OPTIMISTIC, GREEDY, SEPARATE_BY_DEPLOY, or SEPARATE_BY_REQUEST"
        },
        "requiredSlaveAttributes" : {
          "$ref" : "Map[string,string]",
          "description" : "Only allow tasks for this request to run on slaves which have these attributes"
        },
        "allowedSlaveAttributes" : {
          "$ref" : "Map[string,string]",
          "description" : "Allow tasks to run on slaves with these attributes, but do not restrict them to only these slaves"
        },
        "loadBalanced" : {
          "type" : "boolean",
          "description" : "Indicates that a SERVICE should be load balanced"
        },
        "group" : {
          "type" : "string",
          "description" : "Auth group associated with this request. Users in this group are allowed read/write access to this request"
        },
        "requiredRole" : {
          "type" : "string",
          "description" : "Mesos Role required for this request. Only offers with the required role will be accepted to execute the tasks associated with the request"
        },
        "readWriteGroups" : {
          "type" : "array",
          "uniqueItems" : true,
          "description" : "Users in these groups are allowed read/write access to this request",
          "items" : {
            "type" : "string"
          }
        },
        "readOnlyGroups" : {
          "type" : "array",
          "uniqueItems" : true,
          "description" : "Users in these groups are allowed read only access to this request",
          "items" : {
            "type" : "string"
          }
        },
        "bounceAfterScale" : {
          "type" : "boolean",
          "description" : "Used for SingularityUI. If true, automatically trigger a bounce after changing the request's instance count"
        },
        "emailConfigurationOverrides" : {
          "$ref" : "Map[SingularityEmailType,List[SingularityEmailDestination]]",
          "description" : "Overrides for email recipients by email type for this request"
        },
        "hideEvenNumberAcrossRacksHint" : {
          "type" : "boolean"
        },
        "taskLogErrorRegex" : {
          "type" : "string",
          "description" : "Searching for errors in task logs to include in emails using this regex"
        },
        "taskLogErrorRegexCaseSensitive" : {
          "type" : "boolean",
          "description" : "Determines if taskLogErrorRegex is case sensitive"
        },
        "taskPriorityLevel" : {
          "type" : "number",
          "format" : "double",
          "description" : "a priority level from 0.0 to 1.0 for all tasks associated with the request"
        },
        "maxTasksPerOffer" : {
          "type" : "integer",
          "format" : "int32",
          "description" : "Do not schedule more than this many tasks using a single offer from a single mesos slave"
        },
        "allowBounceToSameHost" : {
          "type" : "boolean",
          "description" : "If set to true, allow tasks to be scheduled on the same host as an existing active task when bouncing"
        },
        "dataCenter" : {
          "type" : "string",
          "description" : "the data center associated with this request"
        }
      }
    },
    "SingularityTaskHealthcheckResult" : {
      "id" : "SingularityTaskHealthcheckResult",
      "properties" : {
        "statusCode" : {
          "type" : "integer",
          "format" : "int32"
        },
        "durationMillis" : {
          "type" : "integer",
          "format" : "int64"
        },
        "responseBody" : {
          "type" : "string"
        },
        "errorMessage" : {
          "type" : "string"
        },
        "startup" : {
          "type" : "boolean"
        },
        "timestamp" : {
          "type" : "integer",
          "format" : "int64"
        },
        "taskId" : {
          "$ref" : "SingularityTaskId"
        }
      }
    },
    "SingularityDeployMarker" : {
      "id" : "SingularityDeployMarker",
      "properties" : {
        "requestId" : {
          "type" : "string"
        },
        "deployId" : {
          "type" : "string"
        },
        "timestamp" : {
          "type" : "integer",
          "format" : "int64"
        },
        "user" : {
          "type" : "string"
        },
        "message" : {
          "type" : "string"
        }
      }
    },
    "SingularityDeployResult" : {
      "id" : "SingularityDeployResult",
      "properties" : {
        "deployState" : {
          "$ref" : "DeployState",
          "enum" : [ "SUCCEEDED", "FAILED_INTERNAL_STATE", "CANCELING", "WAITING", "OVERDUE", "FAILED", "CANCELED" ]
        },
        "lbUpdate" : {
          "$ref" : "SingularityLoadBalancerUpdate"
        },
        "message" : {
          "type" : "string"
        },
        "deployFailures" : {
          "type" : "array",
          "items" : {
            "$ref" : "SingularityDeployFailure"
          }
        },
        "timestamp" : {
          "type" : "integer",
          "format" : "int64"
        }
      }
    },
    "S3ArtifactSignature" : {
      "id" : "S3ArtifactSignature",
      "description" : "A file with name `filename` containing the signature (e.g. gpg signature) for an artifact with the specified `artifactFilename`. Used to verify the validity of the artifact being downloaded",
      "properties" : {
        "artifactFilename" : {
          "type" : "string"
        },
        "s3Bucket" : {
          "type" : "string"
        },
        "s3ObjectKey" : {
          "type" : "string"
        },
        "filesize" : {
          "type" : "integer",
          "format" : "int64"
        },
        "isArtifactList" : {
          "type" : "boolean"
        },
        "name" : {
          "type" : "string"
        },
        "filename" : {
          "type" : "string"
        },
        "md5sum" : {
          "type" : "string"
        },
        "targetFolderRelativeToTask" : {
          "type" : "string"
        }
      }
    },
    "SingularityDeploy" : {
      "id" : "SingularityDeploy",
      "required" : [ "requestId", "id" ],
      "properties" : {
        "requestId" : {
          "type" : "string",
          "description" : "Singularity Request Id which is associated with this deploy."
        },
        "id" : {
          "type" : "string",
          "description" : "Singularity deploy id."
        },
        "version" : {
          "type" : "string",
          "description" : "Deploy version"
        },
        "timestamp" : {
          "type" : "integer",
          "format" : "int64",
          "description" : "Deploy timestamp."
        },
        "metadata" : {
          "$ref" : "Map[string,string]",
          "description" : "Map of metadata key/value pairs associated with the deployment."
        },
        "containerInfo" : {
          "$ref" : "SingularityContainerInfo",
          "description" : "Container information for deployment into a container."
        },
        "customExecutorCmd" : {
          "type" : "string",
          "description" : "Custom Mesos executor"
        },
        "customExecutorId" : {
          "type" : "string",
          "description" : "Custom Mesos executor id."
        },
        "customExecutorSource" : {
          "type" : "string",
          "description" : "Custom Mesos executor source."
        },
        "customExecutorResources" : {
          "$ref" : "com.hubspot.mesos.Resources",
          "description" : "Resources to allocate for custom mesos executor"
        },
        "resources" : {
          "$ref" : "com.hubspot.mesos.Resources",
          "description" : "Resources required for this deploy."
        },
        "command" : {
          "type" : "string",
          "description" : "Command to execute for this deployment."
        },
        "arguments" : {
          "type" : "array",
          "description" : "Command arguments.",
          "items" : {
            "type" : "string"
          }
        },
        "env" : {
          "$ref" : "Map[string,string]",
          "description" : "Map of environment variable definitions."
        },
        "uris" : {
          "type" : "array",
          "description" : "List of URIs to download before executing the deploy command.",
          "items" : {
            "$ref" : "SingularityMesosArtifact"
          }
        },
        "executorData" : {
          "$ref" : "ExecutorData",
          "description" : "Executor specific information"
        },
        "labels" : {
          "$ref" : "Map[string,string]",
          "description" : "Labels for all tasks associated with this deploy"
        },
        "mesosLabels" : {
          "type" : "array",
          "description" : "Labels for all tasks associated with this deploy",
          "items" : {
            "$ref" : "SingularityMesosTaskLabel"
          }
        },
        "taskLabels" : {
          "$ref" : "Map[int,Map[string,string]]",
          "description" : "(Deprecated) Labels for specific tasks associated with this deploy, indexed by instance number"
        },
        "mesosTaskLabels" : {
          "$ref" : "Map[int,List[SingularityMesosTaskLabel]]",
          "description" : "Labels for specific tasks associated with this deploy, indexed by instance number"
        },
        "taskEnv" : {
          "$ref" : "Map[int,Map[string,string]]",
          "description" : "Map of environment variable overrides for specific task instances."
        },
        "healthcheckUri" : {
          "type" : "string",
          "description" : "Deployment Healthcheck URI, if specified will be called after TASK_RUNNING."
        },
        "healthcheckIntervalSeconds" : {
          "type" : "integer",
          "format" : "int64",
          "description" : "Time to wait after a failed healthcheck to try again in seconds."
        },
        "healthcheckTimeoutSeconds" : {
          "type" : "integer",
          "format" : "int64",
          "description" : "Single healthcheck HTTP timeout in seconds."
        },
        "healthcheckPortIndex" : {
          "type" : "integer",
          "format" : "int32",
          "description" : "Perform healthcheck on this dynamically allocated port (e.g. 0 for first port), defaults to first port"
        },
        "healthcheckProtocol" : {
          "$ref" : "com.hubspot.singularity.HealthcheckProtocol",
          "description" : "Healthcheck protocol - HTTP or HTTPS"
        },
        "healthcheckMaxRetries" : {
          "type" : "integer",
          "format" : "int32",
          "description" : "Maximum number of times to retry an individual healthcheck before failing the deploy."
        },
        "healthcheckMaxTotalTimeoutSeconds" : {
          "type" : "integer",
          "format" : "int64",
          "description" : "Maximum amount of time to wait before failing a deploy for healthchecks to pass."
        },
        "healthcheck" : {
          "$ref" : "HealthcheckOptions",
          "description" : "HTTP Healthcheck settings"
        },
        "skipHealthchecksOnDeploy" : {
          "type" : "boolean",
          "description" : "Allows skipping of health checks when deploying."
        },
        "deployHealthTimeoutSeconds" : {
          "type" : "integer",
          "format" : "int64",
          "description" : "Number of seconds that Singularity waits for this service to become healthy (for it to download artifacts, start running, and optionally pass healthchecks.)"
        },
        "considerHealthyAfterRunningForSeconds" : {
          "type" : "integer",
          "format" : "int64",
          "description" : "Number of seconds that a service must be healthy to consider the deployment to be successful."
        },
        "serviceBasePath" : {
          "type" : "string",
          "description" : "The base path for the API exposed by the deploy. Used in conjunction with the Load balancer API."
        },
        "loadBalancerGroups" : {
          "type" : "array",
          "uniqueItems" : true,
          "description" : "List of load balancer groups associated with this deployment.",
          "items" : {
            "type" : "string"
          }
        },
        "loadBalancerPortIndex" : {
          "type" : "integer",
          "format" : "int32",
          "description" : "Send this port to the load balancer api (e.g. 0 for first port), defaults to first port"
        },
        "loadBalancerOptions" : {
          "$ref" : "Map[string,Object]",
          "description" : "Map (Key/Value) of options for the load balancer."
        },
        "loadBalancerDomains" : {
          "type" : "array",
          "uniqueItems" : true,
          "description" : "List of domains to host this service on, for use with the load balancer api",
          "items" : {
            "type" : "string"
          }
        },
        "loadBalancerAdditionalRoutes" : {
          "type" : "array",
          "description" : "Additional routes besides serviceBasePath used by this service",
          "items" : {
            "type" : "string"
          }
        },
        "loadBalancerTemplate" : {
          "type" : "string",
          "description" : "Name of load balancer template to use if not using the default template"
        },
        "loadBalancerServiceIdOverride" : {
          "type" : "string",
          "description" : "Name of load balancer Service ID to use instead of the Request ID"
        },
        "loadBalancerUpstreamGroup" : {
          "type" : "string",
          "description" : "Group name to tag all upstreams with in load balancer"
        },
        "deployInstanceCountPerStep" : {
          "type" : "integer",
          "format" : "int32",
          "description" : "deploy this many instances at a time"
        },
        "deployStepWaitTimeMs" : {
          "type" : "integer",
          "format" : "int32",
          "description" : "wait this long between deploy steps"
        },
        "autoAdvanceDeploySteps" : {
          "type" : "boolean",
          "description" : "automatically advance to the next target instance count after `deployStepWaitTimeMs` seconds"
        },
        "maxTaskRetries" : {
          "type" : "integer",
          "format" : "int32",
          "description" : "allowed at most this many failed tasks to be retried before failing the deploy"
        },
        "shell" : {
          "type" : "boolean",
          "description" : "Override the shell property on the mesos task"
        },
        "user" : {
          "type" : "string",
          "description" : "Run tasks as this user"
        },
        "runImmediately" : {
          "$ref" : "SingularityRunNowRequest",
          "description" : "Settings used to run this deploy immediately"
        }
      }
    },
    "SingularityTaskHistory" : {
      "id" : "SingularityTaskHistory",
      "properties" : {
        "taskUpdates" : {
          "type" : "array",
          "items" : {
            "$ref" : "SingularityTaskHistoryUpdate"
          }
        },
        "directory" : {
          "type" : "string"
        },
        "containerId" : {
          "type" : "string"
        },
        "task" : {
          "$ref" : "SingularityTask"
        },
        "healthcheckResults" : {
          "type" : "array",
          "items" : {
            "$ref" : "SingularityTaskHealthcheckResult"
          }
        },
        "loadBalancerUpdates" : {
          "type" : "array",
          "items" : {
            "$ref" : "SingularityLoadBalancerUpdate"
          }
        },
        "shellCommandHistory" : {
          "type" : "array",
          "items" : {
            "$ref" : "SingularityTaskShellCommandHistory"
          }
        },
        "taskMetadata" : {
          "type" : "array",
          "items" : {
            "$ref" : "SingularityTaskMetadata"
          }
        }
      }
    },
    "SingularityPendingTask" : {
      "id" : "SingularityPendingTask",
      "properties" : {
        "pendingTaskId" : {
          "$ref" : "SingularityPendingTaskId"
        },
        "cmdLineArgsList" : {
          "type" : "array",
          "items" : {
            "type" : "string"
          }
        },
        "user" : {
          "type" : "string"
        },
        "runId" : {
          "type" : "string"
        },
        "skipHealthchecks" : {
          "type" : "boolean"
        },
        "message" : {
          "type" : "string"
        },
        "resources" : {
          "$ref" : "Resources"
        },
        "s3UploaderAdditionalFiles" : {
          "type" : "array",
          "items" : {
            "$ref" : "SingularityS3UploaderFile"
          }
        },
        "runAsUserOverride" : {
          "type" : "string"
        },
        "envOverrides" : {
          "$ref" : "Map[string,string]"
        },
        "extraArtifacts" : {
          "type" : "array",
          "items" : {
            "$ref" : "SingularityMesosArtifact"
          }
        },
        "actionId" : {
          "type" : "string"
        }
      }
    },
    "SingularityDockerImage" : {
      "id" : "SingularityDockerImage",
      "required" : [ "name" ],
      "properties" : {
        "name" : {
          "type" : "string",
          "description" : "Docker image name, expected format: [REGISTRY_HOST[:REGISTRY_PORT]/]REPOSITORY[:TAG|@TYPE:DIGEST]"
        }
      }
    },
    "EmbeddedArtifact" : {
      "id" : "EmbeddedArtifact",
      "properties" : {
        "content" : {
          "type" : "array",
          "items" : {
            "type" : "string",
            "format" : "byte"
          }
        },
        "name" : {
          "type" : "string"
        },
        "filename" : {
          "type" : "string"
        },
        "md5sum" : {
          "type" : "string"
        },
        "targetFolderRelativeToTask" : {
          "type" : "string"
        }
      }
    },
    "SingularityMesosImage" : {
      "id" : "SingularityMesosImage",
      "required" : [ "type" ],
      "properties" : {
        "type" : {
          "$ref" : "SingularityMesosImageType",
          "description" : "Mesos image type",
          "enum" : [ "APPC", "DOCKER" ]
        },
        "appc" : {
          "$ref" : "SingularityAppcImage",
          "description" : "Appc image configuration"
        },
        "docker" : {
          "$ref" : "SingularityDockerImage",
          "description" : "Docker image configuration"
        },
        "cached" : {
          "type" : "boolean",
          "description" : "Determines if a cached image is considered up to date"
        }
      }
    },
    "SingularityTaskId" : {
      "id" : "SingularityTaskId",
      "properties" : {
        "requestId" : {
          "type" : "string"
        },
        "deployId" : {
          "type" : "string"
        },
        "startedAt" : {
          "type" : "integer",
          "format" : "int64"
        },
        "instanceNo" : {
          "type" : "integer",
          "format" : "int32"
        },
        "sanitizedHost" : {
          "type" : "string"
        },
        "sanitizedRackId" : {
          "type" : "string"
        },
        "host" : {
          "type" : "string"
        },
        "rackId" : {
          "type" : "string"
        },
        "id" : {
          "type" : "string"
        }
      }
    },
    "SingularityAppcImage" : {
      "id" : "SingularityAppcImage",
      "required" : [ "name" ],
      "properties" : {
        "name" : {
          "type" : "string",
          "description" : "Appc image name"
        },
        "id" : {
          "type" : "string"
        }
      }
    },
    "SingularityTask" : {
      "id" : "SingularityTask",
      "properties" : {
        "taskRequest" : {
          "$ref" : "SingularityTaskRequest"
        },
        "rackId" : {
          "type" : "string"
        },
        "taskId" : {
          "$ref" : "SingularityTaskId"
        }
      }
    },
    "ExternalArtifact" : {
      "id" : "ExternalArtifact",
      "properties" : {
        "url" : {
          "type" : "string"
        },
        "filesize" : {
          "type" : "integer",
          "format" : "int64"
        },
        "isArtifactList" : {
          "type" : "boolean"
        },
        "name" : {
          "type" : "string"
        },
        "filename" : {
          "type" : "string"
        },
        "md5sum" : {
          "type" : "string"
        },
        "targetFolderRelativeToTask" : {
          "type" : "string"
        }
      }
    },
    "SingularityMesosInfo" : {
      "id" : "SingularityMesosInfo",
      "properties" : {
        "image" : {
          "$ref" : "SingularityMesosImage",
          "description" : "Mesos image descriptor"
        }
      }
    },
    "SingularityContainerInfo" : {
      "id" : "SingularityContainerInfo",
      "required" : [ "type" ],
      "properties" : {
        "type" : {
          "$ref" : "SingularityContainerType",
          "description" : "Container type, can be MESOS or DOCKER. Default is MESOS",
          "enum" : [ "MESOS", "DOCKER" ]
        },
        "volumes" : {
          "type" : "array",
          "description" : "List of volumes to mount. Applicable only to DOCKER container type",
          "items" : {
            "$ref" : "SingularityVolume"
          }
        },
        "docker" : {
          "$ref" : "SingularityDockerInfo",
          "description" : "Information specific to docker runtime settings"
        },
        "mesos" : {
          "$ref" : "SingularityMesosInfo",
          "description" : "Information specific to Mesos container type"
        },
        "networkInfos" : {
          "type" : "array",
          "description" : "Mesos container network configuration",
          "items" : {
            "$ref" : "SingularityNetworkInfo"
          }
        }
      }
    },
    "HealthcheckOptions" : {
      "id" : "HealthcheckOptions",
      "required" : [ "uri" ],
      "properties" : {
        "uri" : {
          "type" : "string",
          "description" : "Healthcheck uri to hit"
        },
        "portIndex" : {
          "type" : "integer",
          "format" : "int32",
          "description" : "Perform healthcheck on this dynamically allocated port (e.g. 0 for first port), defaults to first port"
        },
        "portNumber" : {
          "type" : "integer",
          "format" : "int64",
          "description" : "Perform healthcheck on this port (portIndex cannot also be used when using this setting)"
        },
        "protocol" : {
          "$ref" : "HealthcheckProtocol",
          "description" : "Healthcheck protocol - HTTP or HTTPS"
        },
        "startupTimeoutSeconds" : {
          "type" : "integer",
          "format" : "int32",
          "description" : "Consider the task unhealthy/failed if the app has not started responding to healthchecks in this amount of time"
        },
        "startupDelaySeconds" : {
          "type" : "integer",
          "format" : "int32",
          "description" : "Wait this long before issuing the first healthcheck"
        },
        "startupIntervalSeconds" : {
          "type" : "integer",
          "format" : "int32",
          "description" : "Time to wait after a failed healthcheck to try again in seconds."
        },
        "intervalSeconds" : {
          "type" : "integer",
          "format" : "int32",
          "description" : "Time to wait after a valid but failed healthcheck response to try again in seconds."
        },
        "responseTimeoutSeconds" : {
          "type" : "integer",
          "format" : "int32",
          "description" : "Single healthcheck HTTP timeout in seconds."
        },
        "maxRetries" : {
          "type" : "integer",
          "format" : "int32",
          "description" : "Maximum number of times to retry an individual healthcheck before failing the deploy."
        },
        "failureStatusCodes" : {
          "type" : "array",
          "description" : "Fail the healthcheck with no further retries if one of these status codes is returned",
          "items" : {
            "type" : "integer",
            "format" : "int32"
          }
        }
      }
    },
    "SingularityVolume" : {
      "id" : "SingularityVolume",
      "properties" : {
        "containerPath" : {
          "type" : "string"
        },
        "hostPath" : {
          "type" : "string"
        },
        "mode" : {
          "$ref" : "SingularityDockerVolumeMode"
        },
        "source" : {
          "$ref" : "SingularityVolumeSource"
        }
      }
    },
    "SingularityVolumeSource" : {
      "id" : "SingularityVolumeSource",
      "properties" : {
        "type" : {
          "$ref" : "SingularityVolumeSourceType",
          "description" : "Volume source type",
          "enum" : [ "UNKNOWN", "DOCKER_VOLUME" ]
        },
        "dockerVolume" : {
          "$ref" : "SingularityDockerVolume",
          "description" : "Docker source volume spec"
        }
      }
    },
    "SingularityDeployStatistics" : {
      "id" : "SingularityDeployStatistics",
      "properties" : {
        "requestId" : {
          "type" : "string"
        },
        "deployId" : {
          "type" : "string"
        },
        "numTasks" : {
          "type" : "integer",
          "format" : "int32"
        },
        "numSuccess" : {
          "type" : "integer",
          "format" : "int32"
        },
        "numFailures" : {
          "type" : "integer",
          "format" : "int32"
        },
        "numSequentialRetries" : {
          "type" : "integer",
          "format" : "int32"
        },
        "instanceSequentialFailureTimestamps" : {
          "$ref" : "com.google.common.collect.ListMultimap<java.lang.Integer, java.lang.Long>"
        },
        "lastFinishAt" : {
          "type" : "integer",
          "format" : "int64"
        },
        "lastTaskState" : {
          "$ref" : "ExtendedTaskState"
        },
        "averageRuntimeMillis" : {
          "type" : "integer",
          "format" : "int64"
        },
        "averageSchedulingDelayMillis" : {
          "type" : "integer",
          "format" : "int64"
        }
      }
    },
    "SingularityDockerInfo" : {
      "id" : "SingularityDockerInfo",
      "required" : [ "image", "privileged" ],
      "properties" : {
        "image" : {
          "type" : "string",
          "description" : "Docker image name"
        },
        "privileged" : {
          "type" : "boolean",
          "description" : "Controls use of the docker --privleged flag"
        },
        "network" : {
          "$ref" : "com.hubspot.mesos.SingularityDockerNetworkType",
          "description" : "Docker netowkr type. Value can be BRIDGE, HOST, or NONE"
        },
        "portMappings" : {
          "type" : "array",
          "description" : "List of port mappings",
          "items" : {
            "$ref" : "SingularityDockerPortMapping"
          }
        },
        "forcePullImage" : {
          "type" : "boolean",
          "description" : "Always run docker pull even if the image already exists locally"
        },
        "parameters" : {
          "$ref" : "Map[string,string]"
        },
        "dockerParameters" : {
          "type" : "array",
          "description" : "Other docker run command line options to be set",
          "items" : {
            "$ref" : "SingularityDockerParameter"
          }
        }
      }
    },
    "SingularityMesosTaskLabel" : {
      "id" : "SingularityMesosTaskLabel",
      "properties" : {
        "key" : {
          "type" : "string"
        },
        "value" : {
          "type" : "string"
        }
      }
    },
    "SingularityTaskHistoryUpdate" : {
      "id" : "SingularityTaskHistoryUpdate",
      "properties" : {
        "timestamp" : {
          "type" : "integer",
          "format" : "int64"
        },
        "taskState" : {
          "$ref" : "ExtendedTaskState",
          "enum" : [ "TASK_LAUNCHED", "TASK_STAGING", "TASK_STARTING", "TASK_RUNNING", "TASK_CLEANING", "TASK_KILLING", "TASK_FINISHED", "TASK_FAILED", "TASK_KILLED", "TASK_LOST", "TASK_LOST_WHILE_DOWN", "TASK_ERROR", "TASK_DROPPED", "TASK_GONE", "TASK_UNREACHABLE", "TASK_GONE_BY_OPERATOR", "TASK_UNKNOWN" ]
        },
        "statusMessage" : {
          "type" : "string"
        },
        "statusReason" : {
          "type" : "string"
        },
        "previous" : {
          "type" : "array",
          "uniqueItems" : true,
          "items" : {
            "$ref" : "SingularityTaskHistoryUpdate"
          }
        },
        "taskId" : {
          "$ref" : "SingularityTaskId"
        }
      }
    },
    "SingularityTaskIdHistory" : {
      "id" : "SingularityTaskIdHistory",
      "properties" : {
        "taskId" : {
          "$ref" : "SingularityTaskId"
        },
        "updatedAt" : {
          "type" : "integer",
          "format" : "int64"
        },
        "lastTaskState" : {
          "$ref" : "ExtendedTaskState"
        },
        "runId" : {
          "type" : "string"
        }
      }
    }
  }
}