{
  "apiVersion" : "0.20.0-SNAPSHOT",
  "swaggerVersion" : "1.2",
  "basePath" : null,
  "resourcePath" : "/api/track",
  "produces" : [ "application/json" ],
  "apis" : [ {
    "path" : "/api/track/task/{taskId}",
    "operations" : [ {
      "method" : "GET",
      "summary" : "Get the current state of a task by taskId whether it is active, or inactive",
      "notes" : "",
      "type" : "SingularityTaskState",
      "nickname" : "getTaskState",
      "parameters" : [ {
        "name" : "body",
        "required" : false,
        "type" : "SingularityUser",
        "paramType" : "body",
        "allowMultiple" : false
      }, {
        "name" : "taskId",
        "required" : true,
        "type" : "string",
        "paramType" : "path",
        "allowMultiple" : false
      } ],
      "responseMessages" : [ {
        "code" : 404,
        "message" : "Task with this id does not exist"
      } ]
    } ]
  }, {
    "path" : "/api/track/run/{requestId}/{runId}",
    "operations" : [ {
      "method" : "GET",
      "summary" : "Get the current state of a task by taskId whether it is pending, active, or inactive",
      "notes" : "",
      "type" : "SingularityTaskState",
      "nickname" : "getTaskStateByRunId",
      "parameters" : [ {
        "name" : "body",
        "required" : false,
        "type" : "SingularityUser",
        "paramType" : "body",
        "allowMultiple" : false
      }, {
        "name" : "requestId",
        "required" : true,
        "type" : "string",
        "paramType" : "path",
        "allowMultiple" : false
      }, {
        "name" : "runId",
        "required" : true,
        "type" : "string",
        "paramType" : "path",
        "allowMultiple" : false
      } ],
      "responseMessages" : [ {
        "code" : 404,
        "message" : "Task with this runId does not exist"
      } ]
    } ]
  } ],
  "models" : {
    "SingularityTaskState" : {
      "id" : "SingularityTaskState",
      "properties" : {
        "taskId" : {
          "$ref" : "SingularityTaskId"
        },
        "pendingTaskId" : {
          "$ref" : "SingularityPendingTaskId"
        },
        "runId" : {
          "type" : "string"
        },
        "currentState" : {
          "$ref" : "ExtendedTaskState"
        },
        "taskHistory" : {
          "type" : "array",
          "items" : {
            "$ref" : "SingularityTaskHistoryUpdate"
          }
        },
        "pending" : {
          "type" : "boolean"
        }
      }
    },
    "SingularityPendingTaskId" : {
      "id" : "SingularityPendingTaskId",
      "properties" : {
        "requestId" : {
          "type" : "string"
        },
        "deployId" : {
          "type" : "string"
        },
        "nextRunAt" : {
          "type" : "integer",
          "format" : "int64"
        },
        "createdAt" : {
          "type" : "integer",
          "format" : "int64"
        },
        "instanceNo" : {
          "type" : "integer",
          "format" : "int32"
        },
        "pendingType" : {
          "$ref" : "PendingType",
          "enum" : [ "IMMEDIATE", "ONEOFF", "BOUNCE", "NEW_DEPLOY", "NEXT_DEPLOY_STEP", "UNPAUSED", "RETRY", "UPDATED_REQUEST", "DECOMISSIONED_SLAVE_OR_RACK", "TASK_DONE", "STARTUP", "CANCEL_BOUNCE", "TASK_BOUNCE", "DEPLOY_CANCELLED", "DEPLOY_FAILED" ]
        },
        "id" : {
          "type" : "string"
        }
      }
    },
    "SingularityUser" : {
      "id" : "SingularityUser",
      "properties" : {
        "id" : {
          "type" : "string"
        },
        "name" : {
          "type" : "string"
        },
        "email" : {
          "type" : "string"
        },
        "groups" : {
          "type" : "array",
          "uniqueItems" : true,
          "items" : {
            "type" : "string"
          }
        },
        "authenticated" : {
          "type" : "boolean"
        }
      }
    },
    "SingularityTaskId" : {
      "id" : "SingularityTaskId",
      "properties" : {
        "requestId" : {
          "type" : "string"
        },
        "deployId" : {
          "type" : "string"
        },
        "startedAt" : {
          "type" : "integer",
          "format" : "int64"
        },
        "instanceNo" : {
          "type" : "integer",
          "format" : "int32"
        },
        "sanitizedHost" : {
          "type" : "string"
        },
        "sanitizedRackId" : {
          "type" : "string"
        },
        "host" : {
          "type" : "string"
        },
        "rackId" : {
          "type" : "string"
        },
        "id" : {
          "type" : "string"
        }
      }
    },
    "SingularityTaskHistoryUpdate" : {
      "id" : "SingularityTaskHistoryUpdate",
      "properties" : {
        "timestamp" : {
          "type" : "integer",
          "format" : "int64"
        },
        "taskState" : {
          "$ref" : "ExtendedTaskState",
          "enum" : [ "TASK_LAUNCHED", "TASK_STAGING", "TASK_STARTING", "TASK_RUNNING", "TASK_CLEANING", "TASK_KILLING", "TASK_FINISHED", "TASK_FAILED", "TASK_KILLED", "TASK_LOST", "TASK_LOST_WHILE_DOWN", "TASK_ERROR", "TASK_DROPPED", "TASK_GONE", "TASK_UNREACHABLE", "TASK_GONE_BY_OPERATOR", "TASK_UNKNOWN" ]
        },
        "statusMessage" : {
          "type" : "string"
        },
        "statusReason" : {
          "type" : "string"
        },
        "previous" : {
          "type" : "array",
          "uniqueItems" : true,
          "items" : {
            "$ref" : "SingularityTaskHistoryUpdate"
          }
        },
        "taskId" : {
          "$ref" : "SingularityTaskId"
        }
      }
    }
  }
}