{
  "apiVersion" : "0.20.0-SNAPSHOT",
  "swaggerVersion" : "1.2",
  "apis" : [ {
    "path" : "/api_state.{format}",
    "description" : "Provides information about the current state of Singularity."
  }, {
    "path" : "/api_inactive.{format}",
    "description" : "Manages Singularity Deploys for existing requests"
  }, {
    "path" : "/api_test.{format}",
    "description" : "Misc testing endpoints."
  }, {
    "path" : "/api_disasters.{format}",
    "description" : "Manages Singularity Deploys for existing requests"
  }, {
    "path" : "/api_users.{format}",
    "description" : "Retrieve settings for a particular user"
  }, {
    "path" : "/api_history.{format}",
    "description" : "Manages historical data for tasks, requests, and deploys."
  }, {
    "path" : "/api_logs.{format}",
    "description" : "Manages Singularity task logs stored in S3."
  }, {
    "path" : "/api_racks.{format}",
    "description" : "Manages Singularity racks."
  }, {
    "path" : "/api_slaves.{format}",
    "description" : "Manages Singularity slaves."
  }, {
    "path" : "/api_sandbox.{format}",
    "description" : "Provides a proxy to Mesos sandboxes."
  }, {
    "path" : "/api_usage.{format}",
    "description" : "Provides usage data about slaves and tasks"
  }, {
    "path" : "/api_track.{format}",
    "description" : "Find a task by taskId or runId"
  }, {
    "path" : "/api_priority.{format}",
    "description" : "Manages whether or not to schedule tasks based on their priority levels."
  }, {
    "path" : "/api_tasks.{format}",
    "description" : "Manages Singularity tasks."
  }, {
    "path" : "/api_webhooks.{format}",
    "description" : "Manages Singularity webhooks."
  }, {
    "path" : "/api_requests.{format}",
    "description" : "Manages Singularity Requests, the parent object for any deployed task"
  }, {
    "path" : "/api_groups.{format}",
    "description" : "Manages Singularity Request Groups, which are collections of one or more Singularity Requests"
  }, {
    "path" : "/api_deploys.{format}",
    "description" : "Manages Singularity Deploys for existing requests"
  } ],
  "info" : {
    "title" : "Singularity REST API",
    "description" : "Singularity Mesos Framework API"
  }
}